question,test_id,pass,exec_time,peak_memory,exception_error,score
Solution_0,test_case_1,True,0.0,0.6328125,,0.32987176481216784
Solution_0,test_case_2,True,0.0,0.6328125,,0.32987176481216784
Solution_0,test_case_3,True,0.0,0.6328125,,0.32987176481216784
Solution_0,test_case_4,True,0.0,0.6328125,,0.32987176481216784
Solution_0,test_case_5,True,0.0,0.6328125,,0.32987176481216784
Solution_0,test_case_6,True,0.0010004043579101562,0.6328125,,0.32979175893781343
Solution_0,test_case_7,True,0.0,0.6328125,,0.32987176481216784
Solution_0,test_case_8,True,0.0,0.6328125,,0.32987176481216784
Solution_0,test_case_9,True,0.0,0.6328125,,0.32987176481216784
Solution_0,test_case_10,True,0.0,0.6328125,,0.32987176481216784
Solution_0,test_case_11,True,0.0,0.6328125,,0.32987176481216784
Solution_0,test_case_12,True,0.0,0.6328125,,0.32987176481216784
Solution_0,test_case_13,True,0.0,0.6328125,,0.32987176481216784
Solution_0,test_case_14,True,0.0,0.6328125,,0.32987176481216784
Solution_0,test_case_15,True,0.0,0.6328125,,0.32987176481216784
Solution_0,test_case_16,True,0.0,0.6328125,,0.32987176481216784
Solution_0,test_case_17,True,0.0,0.6328125,,0.32987176481216784
Solution_0,test_case_18,True,0.0,0.6328125,,0.32987176481216784
Solution_0,test_case_19,True,0.0,0.6328125,,0.32987176481216784
Solution_0,test_case_20,True,0.0010173320770263672,0.6328125,,0.32648820861113587
Solution_0,test_case_21,True,0.0,0.69140625,,0.564087816113962
Solution_0,test_case_22,True,0.417372465133667,0.7421875,,0.532994161481892
Solution_0,test_case_23,True,0.11151766777038574,0.76953125,,0.5177884415171042
Solution_0,test_case_24,True,0.04154086112976074,0.76953125,,0.5177884415171042
Solution_0,test_case_25,True,0.15607762336730957,0.76953125,,0.5177884415171042
Solution_0,test_case_26,True,0.2796039581298828,0.7421875,,0.532994161481892
Solution_1,test_case_1,True,0.0,0.6484375,,0.44609101875294416
Solution_1,test_case_2,True,0.0,0.6484375,,0.44609101875294416
Solution_1,test_case_3,True,0.0,0.6640625,,0.43767406527882025
Solution_1,test_case_4,True,0.0,0.6640625,,0.43767406527882025
Solution_1,test_case_5,True,0.0,0.6796875,,0.4296062108749223
Solution_1,test_case_6,True,0.0,0.6640625,,0.43767406527882025
Solution_1,test_case_7,True,0.0,0.6796875,,0.4296062108749223
Solution_1,test_case_8,True,0.0,0.6640625,,0.43767406527882025
Solution_1,test_case_9,True,0.0,0.640625,,0.37756137602774753
Solution_1,test_case_10,True,0.0,0.640625,,0.37756137602774753
Solution_1,test_case_11,True,0.0,0.640625,,0.37756137602774753
Solution_1,test_case_12,True,0.0,0.6484375,,0.37391782445041405
Solution_1,test_case_13,True,0.0,0.6484375,,0.37391782445041405
Solution_1,test_case_14,True,0.0,0.6640625,,0.4833054833074316
Solution_1,test_case_15,True,0.0010085105895996094,0.6796875,,0.471990419348704
Solution_1,test_case_16,True,0.0,0.6640625,,0.4833054833074316
Solution_1,test_case_17,True,0.0,0.6796875,,0.4743964832517717
Solution_1,test_case_18,True,0.0,0.671875,,0.4788043661246911
Solution_1,test_case_19,True,0.0,0.6953125,,0.4658486676025345
Solution_1,test_case_20,True,0.0,0.7265625,,0.44974930836694593
Solution_1,test_case_21,True,0.022998571395874023,345.30078125,,1.0
Solution_1,test_case_22,True,0.027996063232421875,345.21484375,,1.0
Solution_1,test_case_23,True,0.014008760452270508,78.86328125,,1.0
Solution_1,test_case_24,True,0.017998695373535156,208.58203125,,1.0
Solution_1,test_case_25,True,0.02800464630126953,338.2421875,,1.0
Solution_1,test_case_26,True,0.02742290496826172,78.86328125,,1.0
Solution_2,test_case_1,True,0.0,0.6328125,,0.32987176481216784
Solution_2,test_case_2,True,0.0,0.6328125,,0.32987176481216784
Solution_2,test_case_3,True,0.0,0.6328125,,0.32987176481216784
Solution_2,test_case_4,True,0.0,0.6328125,,0.32987176481216784
Solution_2,test_case_5,True,0.0,0.6328125,,0.32987176481216784
Solution_2,test_case_6,True,0.0,0.6328125,,0.32987176481216784
Solution_2,test_case_7,True,0.0,0.6328125,,0.32987176481216784
Solution_2,test_case_8,True,0.0,0.6328125,,0.32987176481216784
Solution_2,test_case_9,True,0.0,0.6328125,,0.32987176481216784
Solution_2,test_case_10,True,0.0,0.6328125,,0.32987176481216784
Solution_2,test_case_11,True,0.0,0.6328125,,0.32987176481216784
Solution_2,test_case_12,True,0.0,0.6328125,,0.32987176481216784
Solution_2,test_case_13,True,0.0,0.6328125,,0.32987176481216784
Solution_2,test_case_14,True,0.0,0.6328125,,0.32987176481216784
Solution_2,test_case_15,True,0.0,0.6328125,,0.32987176481216784
Solution_2,test_case_16,True,0.0,0.6328125,,0.32987176481216784
Solution_2,test_case_17,True,0.0,0.6328125,,0.32987176481216784
Solution_2,test_case_18,True,0.0,0.6328125,,0.32987176481216784
Solution_2,test_case_19,True,0.0,0.6328125,,0.32987176481216784
Solution_2,test_case_20,True,0.0,0.6328125,,0.32987176481216784
Solution_2,test_case_21,True,0.1457059383392334,0.69140625,,0.48425053335073226
Solution_2,test_case_22,True,0.07171034812927246,0.69140625,,0.48425053335073226
Solution_2,test_case_23,True,0.1811203956604004,0.6953125,,0.4820729010026053
Solution_2,test_case_24,True,0.058724403381347656,0.69140625,,0.48425053335073226
Solution_2,test_case_25,True,0.14195537567138672,0.72265625,,0.46742435571443725
Solution_2,test_case_26,True,0.1390552520751953,0.69140625,,0.48425053335073226
Solution_3,test_case_1,True,0.0,1.33203125,,0.7512930052366671
Solution_3,test_case_2,True,0.0,1.27734375,,0.7769170393681976
Solution_3,test_case_3,True,0.0,1.140625,,0.8505631581740389
Solution_3,test_case_4,True,0.0,1.140625,,0.8505631581740389
Solution_3,test_case_5,True,0.0,1.140625,,0.8505631581740389
Solution_3,test_case_6,True,0.0,1.1953125,,0.8192863278286303
Solution_3,test_case_7,True,0.0,1.140625,,0.8505631581740389
Solution_3,test_case_8,True,0.0,1.3046875,,0.7638633535530543
Solution_3,test_case_9,True,0.0,1.140625,,0.5569509810145954
Solution_3,test_case_10,True,0.0,1.140625,,0.5569509810145954
Solution_3,test_case_11,True,0.0,1.140625,,0.5569509810145954
Solution_3,test_case_12,True,0.000997781753540039,1.140625,,0.5569509810145954
Solution_3,test_case_13,True,0.0,1.1953125,,0.536470830685373
Solution_3,test_case_14,True,0.0,1.44140625,,0.80758594002154
Solution_3,test_case_15,True,0.0,1.27734375,,0.889552613803229
Solution_3,test_case_16,True,0.0,1.25,,0.9050860257887023
Solution_3,test_case_17,True,0.0,1.27734375,,0.889552613803229
Solution_3,test_case_18,True,0.004934787750244141,180.47265625,,1.0
Solution_3,test_case_19,True,0.0040798187255859375,180.609375,,1.0
Solution_3,test_case_20,True,0.005021095275878906,180.47265625,,1.0
Solution_3,test_case_21,True,0.00399327278137207,180.47265625,,1.0
Solution_4,test_case_1,True,0.0,0.7265625,,0.7346894605299743
Solution_4,test_case_2,True,0.0,0.7109375,,0.7475789336620925
Solution_4,test_case_3,True,0.0,0.71875,,0.7410711504124367
Solution_4,test_case_4,True,0.0010020732879638672,0.7421875,,0.7213924506063809
Solution_4,test_case_5,True,0.0,0.7421875,,0.7222894714263604
Solution_4,test_case_6,True,0.0,0.703125,,0.7542167288598597
Solution_4,test_case_7,True,0.0,0.703125,,0.7542167288598597
Solution_4,test_case_8,True,0.0,0.75,,0.7162640963487723
Solution_4,test_case_9,True,0.0,0.640625,,0.5432770613641129
Solution_4,test_case_10,True,0.0,0.6796875,,0.5181518440914409
Solution_4,test_case_11,True,0.0,0.6796875,,0.5181518440914409
Solution_4,test_case_12,True,0.0,0.6875,,0.5134359954890819
Solution_4,test_case_13,True,0.0,0.703125,,0.5042877780302112
Solution_4,test_case_14,True,0.0,0.734375,,0.9680895579448703
Solution_4,test_case_15,True,0.0010006427764892578,0.765625,,0.9359863587782007
Solution_4,test_case_16,True,0.0,0.7421875,,0.9599286070792202
Solution_4,test_case_17,True,0.0,0.7421875,,0.9599286070792202
Solution_4,test_case_18,True,0.0,0.7109375,,0.9935385089510959
Solution_4,test_case_19,True,0.0,0.734375,,0.9680895579448703
Solution_4,test_case_20,True,0.0,0.765625,,0.9363472904018921
Solution_4,test_case_21,True,4.247865676879883,81.6640625,,0.8200730147752923
Solution_4,test_case_22,True,1.4141597747802734,20.30859375,,1.0
Solution_4,test_case_23,True,2.5929791927337646,47.51171875,,1.0
Solution_4,test_case_24,True,3.2971084117889404,47.484375,,0.9547178666822022
Solution_4,test_case_25,True,2.766676425933838,74.66796875,,1.0
Solution_4,test_case_26,True,1.898867130279541,20.27734375,,1.0
Solution_5,test_case_1,True,0.0,0.953125,,1.0
Solution_5,test_case_2,True,0.0,0.9970703125,,1.0
Solution_5,test_case_3,True,0.0,1.4619140625,,1.0
Solution_5,test_case_4,True,0.0,1.0322265625,,1.0
Solution_5,test_case_5,True,0.0,0.91796875,,1.0
Solution_5,test_case_6,True,0.0,0.91796875,,1.0
Solution_5,test_case_7,True,0.0,0.9443359375,,1.0
Solution_5,test_case_8,True,0.0,0.890625,,1.0
Solution_5,test_case_9,True,0.0,0.890625,,1.0
Solution_5,test_case_10,True,0.0,0.8984375,,1.0
Solution_5,test_case_11,True,0.0,0.9091796875,,1.0
Solution_5,test_case_12,True,0.0,0.9091796875,,1.0
Solution_5,test_case_13,True,0.0,0.91796875,,1.0
Solution_5,test_case_14,True,0.0010027885437011719,0.9794921875,,0.9983305972499467
Solution_5,test_case_15,True,0.0,1.4794921875,,1.0
Solution_5,test_case_16,True,0.0,0.970703125,,1.0
Solution_5,test_case_17,True,0.0,0.9794921875,,1.0
Solution_5,test_case_18,True,0.0,1.576171875,,1.0
Solution_5,test_case_19,True,0.0,0.98828125,,1.0
Solution_5,test_case_20,True,0.0,0.98828125,,1.0
Solution_5,test_case_21,False,0.0,0.0,Time or Memory Limit Exceeded,0.0
Solution_5,test_case_22,False,0.0,0.0,Time or Memory Limit Exceeded,0.0
Solution_5,test_case_23,True,0.0,1.146484375,,1.0
Solution_5,test_case_24,True,0.0,3.3125,,1.0
Solution_5,test_case_25,True,0.0010166168212890625,1.09375,,0.9901605636437478
Solution_5,test_case_26,True,0.0,1.111328125,,1.0
Solution_6,test_case_1,True,0.0,0.8046875,,0.7278736674573936
Solution_6,test_case_2,True,0.0,0.765625,,0.7574342288951674
Solution_6,test_case_3,True,0.0,0.71875,,0.7967013002025175
Solution_6,test_case_4,True,0.0,0.7734375,,0.7513073406324349
Solution_6,test_case_5,True,0.0,0.9609375,,0.6315412155109302
Solution_6,test_case_6,True,0.0,0.828125,,0.7113463305976127
Solution_6,test_case_7,True,0.0,0.8984375,,0.6664499128741168
Solution_6,test_case_8,True,0.0,0.8046875,,0.7278736674573936
Solution_6,test_case_9,True,0.0012238025665283203,1.0703125,,1.0
Solution_6,test_case_10,True,0.0,1.1171875,,1.0
Solution_6,test_case_11,True,0.0,1.1328125,,1.0
Solution_6,test_case_12,True,0.0,1.046875,,1.0
Solution_6,test_case_13,True,0.0,1.4453125,,0.8286019838849263
Solution_6,test_case_14,True,0.044855356216430664,11.3828125,,1.0
Solution_6,test_case_15,True,0.044524431228637695,8.2890625,,1.0
Solution_6,test_case_16,True,0.02451324462890625,4.734375,,1.0
Solution_6,test_case_17,True,0.024599790573120117,8.640625,,1.0
Solution_6,test_case_18,True,0.05075550079345703,134.4296875,,0.18283883045255825
Solution_6,test_case_19,True,0.08155703544616699,52.4140625,,0.3884242430594557
Solution_6,test_case_20,True,2.059178352355957,53.59375,,0.3815691626745204
Solution_6,test_case_21,True,0.19357085227966309,345.3671875,,0.5314036991660311
Solution_6,test_case_22,True,0.4679293632507324,345.33203125,,0.5314469780267767
Solution_6,test_case_23,True,0.23024606704711914,111.0,,1.0
Solution_6,test_case_24,True,0.36946606636047363,345.33203125,,0.5314469780267767
Solution_7,test_case_1,True,0.0,1.53125,,0.6443545961155988
Solution_7,test_case_2,True,0.0009987354278564453,2.1875,,0.4843991391385992
Solution_7,test_case_3,True,0.0,1.4375,,0.6777593683158156
Solution_7,test_case_4,True,0.0,1.34375,,0.7153309735018737
Solution_7,test_case_5,True,0.0,1.3359375,,0.7186755986559838
Solution_7,test_case_6,True,0.0,1.34375,,0.7153309735018737
Solution_7,test_case_7,True,0.0,1.453125,,0.671922884057701
Solution_7,test_case_8,True,0.0,1.78125,,0.5709287460573343
Solution_7,test_case_9,True,0.0,3.453125,,1.0
Solution_7,test_case_10,True,0.0,6.9921875,,0.9507483424146899
Solution_7,test_case_11,True,0.0,4.2890625,,1.0
Solution_7,test_case_12,True,0.0010118484497070312,9.5,,0.7440072117181051
Solution_7,test_case_13,True,0.0,2.6953125,,1.0
Solution_7,test_case_14,True,0.7297425270080566,3672.53515625,,0.8930297831374633
Solution_7,test_case_15,True,0.010420083999633789,93.1328125,,1.0
Solution_7,test_case_16,True,0.18558430671691895,1396.84375,,1.0
Solution_7,test_case_17,True,0.14937281608581543,777.58984375,,1.0
Solution_7,test_case_18,True,0.3216254711151123,1792.4765625,,1.0
Solution_7,test_case_19,True,0.34534263610839844,2546.015625,,1.0
Solution_7,test_case_20,True,0.49018049240112305,3871.4375,,1.0
Solution_7,test_case_21,True,0.4350290298461914,2535.15234375,,1.0
Solution_7,test_case_22,True,0.6666154861450195,3873.39453125,,1.0
Solution_7,test_case_23,True,1.6659841537475586,13653.48046875,,0.6351521249659906
Solution_7,test_case_24,True,0.641157865524292,3434.8515625,,1.0
Solution_8,test_case_1,False,0.0,1.9609375,Time or Memory Limit Exceeded,9.247599195677774e-06
Solution_8,test_case_2,True,0.0,1.46875,,0.7783598326284749
Solution_8,test_case_3,False,0.0,2.453125,Time or Memory Limit Exceeded,7.730796783004276e-06
Solution_8,test_case_4,False,0.0,2.453125,Time or Memory Limit Exceeded,7.730796783004276e-06
Solution_8,test_case_5,True,0.0,2.0078125,,0.606122208183287
Solution_8,test_case_6,True,0.0,2.453125,,0.5163723473261458
Solution_8,test_case_7,True,0.0,2.5,,0.5086121290847734
Solution_8,test_case_8,False,0.0,2.453125,Time or Memory Limit Exceeded,7.730796783004276e-06
Solution_8,test_case_9,True,0.0,2.5,,0.5086121290847734
Solution_8,test_case_10,True,0.0,2.5,,0.5086121290847734
Solution_8,test_case_11,False,0.0,2.9453125,Time or Memory Limit Exceeded,6.678745515089277e-06
Solution_8,test_case_12,True,0.0,3.484375,,0.38997683335552547
Solution_8,test_case_13,False,0.0,2.9453125,Time or Memory Limit Exceeded,6.678745515089277e-06
Solution_8,test_case_14,True,0.0,3.9765625,,0.3508588774537996
Solution_8,test_case_15,True,0.0010006427764892578,2.0078125,,0.6058885676580272
Solution_8,test_case_16,True,0.0,4.46875,,0.31958756471041766
Solution_8,test_case_17,True,0.0,4.46875,,0.31958756471041766
Solution_8,test_case_18,True,0.001005411148071289,4.46875,,0.31855443405911293
Solution_9,test_case_1,True,0.0,3.44921875,,0.5191564807039593
Solution_9,test_case_2,True,0.0,3.4921875,,0.5140398966135012
Solution_9,test_case_3,True,0.0,1.796875,,0.8747029218877598
Solution_9,test_case_4,True,0.0,1.84375,,0.856866657220542
Solution_9,test_case_5,True,0.0,2.3359375,,0.7090974039768022
Solution_9,test_case_6,True,0.0,4.046875,,0.4568556899889592
Solution_9,test_case_7,True,0.0,4.07421875,,0.7027557620134515
Solution_9,test_case_8,True,0.0,4.83984375,,0.6123148847058676
Solution_9,test_case_9,True,0.0,3.51171875,,0.7914511391198492
Solution_9,test_case_10,True,0.0010113716125488281,7.42578125,,0.43475658467120354
Solution_9,test_case_11,True,0.0,3.51171875,,0.7914511391198492
Solution_9,test_case_12,True,0.006006717681884766,29.8828125,,0.14272587486173874
Solution_9,test_case_13,True,0.0009982585906982422,9.10546875,,0.7358050776503962
Solution_9,test_case_14,True,0.0009951591491699219,6.98046875,,0.9101164356637506
Solution_9,test_case_15,True,0.0,3.51171875,,1.0
Solution_9,test_case_16,True,0.001001596450805664,11.41796875,,0.6133634327971934
Solution_9,test_case_17,True,0.0009188652038574219,4.69140625,,1.0
Solution_9,test_case_18,True,0.0009989738464355469,11.92578125,,0.7729048979162638
Solution_9,test_case_19,True,0.0009982585906982422,10.80859375,,0.8361807697885486
Solution_9,test_case_20,True,0.0010161399841308594,8.03515625,,1.0
Solution_9,test_case_21,True,0.0010035037994384766,4.07421875,,1.0
Solution_9,test_case_22,True,0.01498723030090332,42.6015625,,0.27910981456020584
Solution_10,test_case_1,True,0.0009992122650146484,1.9296875,,0.2248613882708249
Solution_10,test_case_2,True,0.0,1.09375,,0.3541359544246181
Solution_10,test_case_3,True,0.0,1.09375,,0.3541359544246181
Solution_10,test_case_4,True,0.0,0.828125,,0.44241287581522704
Solution_10,test_case_5,True,0.0,1.3359375,,0.30176965191531563
Solution_10,test_case_6,True,0.0,2.078125,,0.8660889119555
Solution_10,test_case_7,True,0.0,2.078125,,0.8660889119555
Solution_10,test_case_8,True,0.0,2.078125,,0.8660889119555
Solution_10,test_case_9,True,0.0,5.1953125,,0.4161122216600574
Solution_10,test_case_10,True,0.0,2.6640625,,0.7100097044528352
Solution_10,test_case_11,True,0.0,1.6328125,,1.0
Solution_10,test_case_12,True,0.003017902374267578,148.9296875,,0.9439224380729773
Solution_10,test_case_13,True,0.0029914379119873047,105.80078125,,1.0
Solution_10,test_case_14,True,0.0010035037994384766,75.0859375,,1.0
Solution_10,test_case_15,True,0.0,2.96875,,1.0
Solution_10,test_case_16,True,0.0020017623901367188,149.9921875,,0.9385694656813857
Solution_10,test_case_17,True,0.029037952423095703,1485.1796875,,1.0
Solution_10,test_case_18,True,0.015005350112915039,867.76953125,,1.0
Solution_10,test_case_19,True,0.015098094940185547,742.9296875,,1.0
Solution_10,test_case_20,True,0.020900964736938477,1486.1796875,,1.0
Solution_11,test_case_1,True,0.0,0.53125,,0.01149700822573381
Solution_11,test_case_2,True,0.0,0.53125,,0.01149700822573381
Solution_11,test_case_3,True,0.0,0.53125,,0.01149700822573381
Solution_11,test_case_4,True,0.0,0.53125,,0.01149700822573381
Solution_11,test_case_5,True,0.0,0.53125,,0.01149700822573381
Solution_11,test_case_6,True,0.0,0.53125,,0.01149700822573381
Solution_11,test_case_7,True,0.0,0.53125,,0.01149700822573381
Solution_11,test_case_8,True,0.0,0.53125,,0.01149700822573381
Solution_11,test_case_9,True,0.0,0.53125,,0.01149700822573381
Solution_11,test_case_10,True,0.001001119613647461,0.53125,,0.0114892918123509
Solution_11,test_case_11,True,0.0,0.53125,,0.1669362637024029
Solution_11,test_case_12,True,0.0,0.53125,,0.1669362637024029
Solution_11,test_case_13,True,0.0,0.55859375,,0.16036625443427804
Solution_11,test_case_14,True,0.0,0.66796875,,0.13899043926212812
Solution_11,test_case_15,True,0.0,0.66796875,,0.13899043926212812
Solution_11,test_case_16,True,0.0,0.66796875,,0.4922815260484974
Solution_11,test_case_17,True,0.0,0.66796875,,0.4922815260484974
Solution_11,test_case_18,True,0.0,0.66796875,,0.4922815260484974
Solution_11,test_case_19,True,0.0,0.66796875,,0.4922815260484974
Solution_11,test_case_20,True,0.0,0.66796875,,0.4922815260484974
Solution_12,test_case_1,True,0.0,0.640625,,0.4264198996382762
Solution_12,test_case_2,True,0.0,0.6640625,,0.41433670207778167
Solution_12,test_case_3,True,0.0,0.6015625,,0.44843134866732703
Solution_12,test_case_4,True,0.0,0.625,,0.4349271869604731
Solution_12,test_case_5,True,0.0,0.6328125,,0.43062628025584265
Solution_12,test_case_6,True,0.0,0.671875,,0.4104779044568658
Solution_12,test_case_7,True,0.0,0.65625,,0.418278090436672
Solution_12,test_case_8,True,0.000997304916381836,0.65625,,0.418278090436672
Solution_12,test_case_9,True,0.0,0.6484375,,0.42230485239938903
Solution_12,test_case_10,True,0.0,0.6640625,,0.41433670207778167
Solution_12,test_case_11,True,0.0,8.40625,,1.0
Solution_12,test_case_12,True,0.0022771358489990234,39.65625,,1.0
Solution_12,test_case_13,True,0.0,24.03125,,1.0
Solution_12,test_case_14,True,0.0029914379119873047,78.71875,,1.0
Solution_12,test_case_15,True,0.001003265380859375,78.7109375,,1.0
Solution_12,test_case_16,True,0.0009963512420654297,78.71875,,1.0
Solution_12,test_case_17,True,0.007002115249633789,781.84375,,1.0
Solution_12,test_case_18,True,0.00999903678894043,149.03125,,1.0
Solution_12,test_case_19,True,0.017998933792114258,781.84375,,1.0
Solution_12,test_case_20,True,0.04238748550415039,781.84375,,1.0
Solution_13,test_case_1,True,0.0,0.640625,,0.5637453605685386
Solution_13,test_case_2,True,0.0,0.6171875,,0.5808077325439177
Solution_13,test_case_3,True,0.0,0.640625,,0.5637453605685386
Solution_13,test_case_4,True,0.0,0.59375,,0.5990777484525075
Solution_13,test_case_5,True,0.0,0.59375,,0.5990777484525075
Solution_13,test_case_6,True,0.0,0.640625,,0.5704907882855207
Solution_13,test_case_7,True,0.0,0.640625,,0.5704907882855207
Solution_13,test_case_8,True,0.0,0.640625,,0.5704907882855207
Solution_13,test_case_9,True,0.0,0.64453125,,0.5677230918914848
Solution_13,test_case_10,True,0.0,0.640625,,0.5704907882855207
Solution_13,test_case_11,True,0.0,0.640625,,0.5928338868308759
Solution_13,test_case_12,True,0.0,0.640625,,0.5928338868308759
Solution_13,test_case_13,True,0.0,0.78515625,,0.5037919837298505
Solution_13,test_case_14,False,0.0,0.6484375,Time or Memory Limit Exceeded,2.2413284396539813e-05
Solution_13,test_case_15,True,0.0,0.78515625,,0.5037919837298505
Solution_13,test_case_16,True,0.0,0.8125,,0.7867169319572543
Solution_13,test_case_20,True,0.0,0.8125,,0.7867169319572543
Solution_14,test_case_1,True,0.0010008811950683594,5.25,,0.25901741146580076
Solution_14,test_case_2,True,0.0,3.0625,,0.39886418480686686
Solution_14,test_case_3,True,0.0,0.875,,1.0
Solution_14,test_case_4,True,0.0,1.703125,,0.6378061465173465
Solution_14,test_case_5,True,0.0,1.75,,0.6241018650616749
Solution_14,test_case_6,True,0.0,3.5,,0.4481202637016423
Solution_14,test_case_7,True,0.0,45.0625,,0.058022547494772585
Solution_14,test_case_8,True,0.0,12.25,,0.16449024497055045
Solution_14,test_case_9,True,0.0,1.75,,0.7802226959797449
Solution_14,test_case_10,True,0.0,4.375,,0.37485781763525494
Solution_14,test_case_12,True,0.003082275390625,1.90625,,1.0
Solution_14,test_case_13,True,0.12685847282409668,395.14453125,,0.5329585207464634
Solution_14,test_case_17,True,0.2661092281341553,2.01953125,,1.0
Solution_14,test_case_20,True,0.20169329643249512,10.25390625,,1.0
Solution_15,test_case_1,True,0.0,3.6640625,,1.0
Solution_15,test_case_2,True,0.0,1.359375,,1.0
Solution_15,test_case_3,True,0.0,0.59375,,1.0
Solution_15,test_case_4,True,0.0,2.4296875,,1.0
Solution_15,test_case_5,True,0.0,3.046875,,1.0
Solution_15,test_case_6,True,0.0,3.84375,,0.9712061780176042
Solution_15,test_case_7,True,0.0,3.40625,,1.0
Solution_15,test_case_8,True,0.0,4.40625,,0.8706833416366597
Solution_15,test_case_9,True,0.0,3.90625,,0.958754720206694
Solution_15,test_case_10,True,0.0,5.4375,,0.7358615770881036
Solution_15,test_case_11,True,0.0,7.5390625,,1.0
Solution_15,test_case_12,True,0.0,37.9765625,,0.7312488322417223
Solution_15,test_case_13,True,0.0,8.828125,,1.0
Solution_15,test_case_14,True,0.0,16.3671875,,1.0
Solution_15,test_case_15,True,0.0,10.296875,,1.0
Solution_15,test_case_16,True,0.0010042190551757812,30.890625,,1.0
Solution_15,test_case_17,True,0.0010027885437011719,75.28125,,1.0
Solution_15,test_case_18,True,0.0,27.34375,,1.0
Solution_15,test_case_19,True,0.0009140968322753906,27.34375,,1.0
Solution_15,test_case_20,True,0.0009944438934326172,50.953125,,1.0
Solution_16,test_case_1,True,0.0,2.796875,,0.5172937182422267
Solution_16,test_case_2,True,0.0,4.078125,,0.3825667517404078
Solution_16,test_case_3,True,0.0,2.09375,,0.6521324192354673
Solution_16,test_case_4,True,0.0,4.6875,,0.34223358415319755
Solution_16,test_case_5,True,0.0,4.71875,,0.34041922213205567
Solution_16,test_case_6,True,0.0,4.078125,,0.4080802140057188
Solution_16,test_case_7,True,0.0,3.4375,,0.4678641831297761
Solution_16,test_case_8,True,0.0010805130004882812,4.015625,,0.39439685899603194
Solution_16,test_case_9,True,0.0,4.0625,,0.40933536323967357
Solution_16,test_case_10,True,0.0,2.15625,,0.6794455757087434
Solution_16,test_case_11,True,0.011002302169799805,59.025390625,,1.0
Solution_16,test_case_12,True,0.007999658584594727,25.533203125,,1.0
Solution_16,test_case_13,True,0.014919042587280273,92.9765625,,1.0
Solution_16,test_case_14,True,0.01861715316772461,60.4453125,,1.0
Solution_16,test_case_15,True,0.08837580680847168,224.2734375,,1.0
Solution_16,test_case_16,True,0.3189733028411865,465.650390625,,1.0
Solution_16,test_case_17,True,0.8948776721954346,748.291015625,,1.0
Solution_16,test_case_18,True,0.21787333488464355,609.419921875,,1.0
Solution_16,test_case_19,True,0.9582014083862305,741.029296875,,1.0
Solution_16,test_case_20,True,1.0932130813598633,748.291015625,,1.0
Solution_17,test_case_1,True,0.0,0.71875,,1.0
Solution_17,test_case_2,True,0.0,0.71875,,1.0
Solution_17,test_case_3,True,0.0,0.6640625,,1.0
Solution_17,test_case_4,True,0.0,0.546875,,1.0
Solution_17,test_case_5,True,0.0,0.6328125,,1.0
Solution_17,test_case_6,True,0.0,0.71875,,1.0
Solution_17,test_case_7,True,0.0,0.71875,,1.0
Solution_17,test_case_8,True,0.0,0.71875,,1.0
Solution_17,test_case_9,True,0.0,0.71875,,1.0
Solution_17,test_case_10,True,0.0,0.71875,,1.0
Solution_17,test_case_11,True,0.0,0.78125,,1.0
Solution_17,test_case_12,True,0.0009751319885253906,0.71875,,1.0
Solution_17,test_case_13,True,0.0,0.71875,,1.0
Solution_17,test_case_14,True,0.0,0.734375,,1.0
Solution_17,test_case_15,True,0.0,0.71875,,1.0
Solution_17,test_case_16,True,0.0,1.09375,,1.0
Solution_17,test_case_17,True,0.0,0.9375,,1.0
Solution_17,test_case_18,True,0.0,0.6328125,,1.0
Solution_17,test_case_19,True,0.0,1.09375,,1.0
Solution_17,test_case_20,True,0.0,0.953125,,1.0
Solution_18,test_case_1,True,0.0019066333770751953,1.8828125,,0.3975903293073892
Solution_18,test_case_2,True,0.0,1.9765625,,0.5632657501064288
Solution_18,test_case_3,True,0.0,1.984375,,0.5614909851985254
Solution_18,test_case_4,True,0.0,2.0703125,,0.5427665341869494
Solution_18,test_case_5,True,0.0,2.078125,,0.5411335390313686
Solution_18,test_case_6,True,0.0,3.015625,,0.6513215716087216
Solution_18,test_case_7,True,0.0,3.0234375,,0.6499748221597134
Solution_18,test_case_8,True,0.0,3.0234375,,0.6499748221597134
Solution_18,test_case_9,True,0.0,3.7578125,,0.54619691741985
Solution_18,test_case_10,True,0.0005557537078857422,4.2265625,,0.4971729524146485
Solution_18,test_case_11,True,0.0,15.796875,,1.0
Solution_18,test_case_12,True,0.0,15.8046875,,1.0
Solution_18,test_case_13,True,0.0,20.484375,,1.0
Solution_18,test_case_14,True,0.0009195804595947266,30.71875,,0.7946454495207602
Solution_18,test_case_15,True,0.0010063648223876953,30.71875,,0.7946454495207602
Solution_18,test_case_16,True,0.008997678756713867,261.44921875,,1.0
Solution_18,test_case_17,True,0.004999637603759766,261.4296875,,1.0
Solution_18,test_case_18,True,0.004904508590698242,229.49609375,,1.0
Solution_18,test_case_19,True,0.010921716690063477,261.44921875,,1.0
Solution_18,test_case_20,True,0.004004478454589844,261.2578125,,1.0
Solution_19,test_case_1,True,0.0,2.2265625,,0.7735539519480871
Solution_19,test_case_2,True,0.0,2.6328125,,0.6764918619708057
Solution_19,test_case_3,False,0.0,2.2265625,Time or Memory Limit Exceeded,8.353954157038213e-06
Solution_19,test_case_4,True,0.0,2.2265625,,0.7735539519480871
Solution_19,test_case_5,True,0.0,2.6328125,,0.6764918619708057
Solution_19,test_case_6,False,0.0,2.2265625,Time or Memory Limit Exceeded,8.353954157038213e-06
Solution_19,test_case_7,False,0.0,2.2265625,Time or Memory Limit Exceeded,8.353954157038213e-06
Solution_19,test_case_8,False,0.0,2.2265625,Time or Memory Limit Exceeded,8.353954157038213e-06
Solution_19,test_case_9,False,0.0,2.2265625,Time or Memory Limit Exceeded,8.353954157038213e-06
Solution_19,test_case_10,False,0.0,2.2265625,Time or Memory Limit Exceeded,8.353954157038213e-06
Solution_19,test_case_11,False,0.0,2.2265625,Time or Memory Limit Exceeded,8.353954157038213e-06
Solution_19,test_case_12,False,0.0,2.2265625,Time or Memory Limit Exceeded,8.353954157038213e-06
Solution_19,test_case_13,False,0.0,2.2265625,Time or Memory Limit Exceeded,8.353954157038213e-06
Solution_19,test_case_14,False,0.0,2.2265625,Time or Memory Limit Exceeded,8.353954157038213e-06
Solution_19,test_case_15,False,0.0,2.2265625,Time or Memory Limit Exceeded,8.353954157038213e-06
Solution_19,test_case_16,False,0.0,2.2265625,Time or Memory Limit Exceeded,8.353954157038213e-06
Solution_19,test_case_17,False,0.0,2.2265625,Time or Memory Limit Exceeded,8.353954157038213e-06
Solution_19,test_case_18,False,0.0,2.2265625,Time or Memory Limit Exceeded,8.353954157038213e-06
Solution_19,test_case_19,False,0.0,2.25390625,Time or Memory Limit Exceeded,8.272777076776334e-06
Solution_19,test_case_20,False,0.0,2.25390625,Time or Memory Limit Exceeded,8.272777076776334e-06
Solution_20,test_case_1,True,0.0,2.5380859375,,0.9037132392865034
Solution_20,test_case_2,True,0.0,0.6015625,,1.0
Solution_20,test_case_3,True,0.0,1.8623046875,,1.0
Solution_20,test_case_4,True,0.0,1.3623046875,,1.0
Solution_20,test_case_5,True,0.001001119613647461,1.3623046875,,1.0
Solution_20,test_case_6,True,0.0010962486267089844,1.4189453125,,1.0
Solution_20,test_case_7,True,0.0010859966278076172,1.3671875,,1.0
Solution_20,test_case_8,True,0.0009996891021728516,1.4189453125,,1.0
Solution_20,test_case_9,True,0.0,1.3154296875,,1.0
Solution_20,test_case_10,True,0.0,1.3154296875,,1.0
Solution_20,test_case_11,True,0.0,1.3720703125,,1.0
Solution_20,test_case_12,True,0.0010004043579101562,1.3720703125,,1.0
Solution_20,test_case_13,True,0.0009992122650146484,1.2666015625,,1.0
Solution_20,test_case_14,True,0.0,1.3193359375,,1.0
Solution_20,test_case_15,True,0.0,1.3193359375,,1.0
Solution_20,test_case_16,True,0.0,1.4248046875,,1.0
Solution_20,test_case_17,True,0.0009999275207519531,1.3720703125,,1.0
Solution_20,test_case_18,True,0.001087188720703125,1.3193359375,,1.0
Solution_20,test_case_19,True,0.0010044574737548828,1.3720703125,,1.0
Solution_20,test_case_20,True,0.0,1.3193359375,,1.0
Solution_21,test_case_1,True,0.0,0.5234375,,0.469749530041166
Solution_21,test_case_2,True,0.0,0.5234375,,0.469749530041166
Solution_21,test_case_3,True,0.0,0.5234375,,0.469749530041166
Solution_21,test_case_4,True,0.0,0.5234375,,0.469749530041166
Solution_21,test_case_5,True,0.0,0.5234375,,0.469749530041166
Solution_21,test_case_6,True,0.0,0.5234375,,0.469749530041166
Solution_21,test_case_7,True,0.0,0.5234375,,0.469749530041166
Solution_21,test_case_8,True,0.0,0.5234375,,0.469749530041166
Solution_21,test_case_9,True,0.0,0.5234375,,0.469749530041166
Solution_21,test_case_10,True,0.0,0.5234375,,0.469749530041166
Solution_21,test_case_11,True,0.0,0.5234375,,0.469749530041166
Solution_21,test_case_12,True,0.0,0.5234375,,0.469749530041166
Solution_21,test_case_13,True,0.0,0.5234375,,0.469749530041166
Solution_21,test_case_14,True,0.0,0.5234375,,0.469749530041166
Solution_21,test_case_15,True,0.0,0.5234375,,0.469749530041166
Solution_21,test_case_16,True,0.0,0.66015625,,0.7710762237397134
Solution_21,test_case_17,True,0.0,0.66015625,,0.7710762237397134
Solution_21,test_case_18,True,0.0,0.66015625,,0.7710762237397134
Solution_21,test_case_19,True,0.0,0.60546875,,0.8263067813465063
Solution_21,test_case_20,True,0.0,0.66015625,,0.7710762237397134
Solution_22,test_case_1,True,0.0,0.5625,,0.5622686778123767
Solution_22,test_case_2,True,0.0,0.5625,,0.5622686778123767
Solution_22,test_case_3,True,0.0,0.5625,,0.5622686778123767
Solution_22,test_case_4,True,0.0,0.5625,,0.5622686778123767
Solution_22,test_case_5,True,0.0,0.5625,,0.5622686778123767
Solution_22,test_case_6,True,0.0010020732879638672,0.5625,,0.56157038892631
Solution_22,test_case_7,True,0.0,0.5625,,0.5622686778123767
Solution_22,test_case_8,True,0.0,0.5625,,0.5622686778123767
Solution_22,test_case_9,True,0.0,0.5625,,0.5622686778123767
Solution_22,test_case_10,True,0.0,0.5625,,0.5622686778123767
Solution_22,test_case_11,True,0.0,0.5625,,0.5622686778123767
Solution_22,test_case_12,True,0.0,0.5625,,0.5622686778123767
Solution_22,test_case_13,True,0.0,0.5625,,0.5622686778123767
Solution_22,test_case_14,True,0.0,0.5625,,0.5622686778123767
Solution_22,test_case_15,True,0.0,0.5625,,0.5622686778123767
Solution_22,test_case_16,True,0.0,0.69921875,,0.7556535131032095
Solution_22,test_case_17,True,0.0,0.69921875,,0.7556535131032095
Solution_22,test_case_18,True,0.0,0.671875,,0.7801576528832747
Solution_22,test_case_19,True,0.0,0.69921875,,0.7556535131032095
Solution_22,test_case_20,True,0.0,0.69921875,,0.7556535131032095
Solution_23,test_case_1,True,0.0,0.640625,,0.5637453605685386
Solution_23,test_case_2,True,0.0,0.6171875,,0.5808077325439177
Solution_23,test_case_3,True,0.0,0.640625,,0.5637453605685386
Solution_23,test_case_4,True,0.0,0.59375,,0.5990777484525075
Solution_23,test_case_5,True,0.0,0.59375,,0.5990777484525075
Solution_23,test_case_6,True,0.0,0.640625,,0.5704907882855207
Solution_23,test_case_7,True,0.0,0.640625,,0.5704907882855207
Solution_23,test_case_8,True,0.0,0.640625,,0.5704907882855207
Solution_23,test_case_9,True,0.0,0.64453125,,0.5677230918914848
Solution_23,test_case_10,True,0.0,0.640625,,0.5704907882855207
Solution_23,test_case_11,True,0.0,0.640625,,0.5928338868308759
Solution_23,test_case_12,True,0.0,0.640625,,0.5928338868308759
Solution_23,test_case_13,True,0.0,0.78515625,,0.5037919837298505
Solution_23,test_case_14,False,0.0,0.6484375,Time or Memory Limit Exceeded,2.2413284396539813e-05
Solution_23,test_case_15,True,0.0,0.78515625,,0.5037919837298505
Solution_23,test_case_16,True,0.0,0.8125,,0.7867169319572543
Solution_23,test_case_20,True,0.0,0.8125,,0.7867169319572543
Solution_24,test_case_1,True,0.0,0.53125,,1.0
Solution_24,test_case_2,True,0.0,0.53125,,1.0
Solution_24,test_case_3,True,0.0,0.53125,,1.0
Solution_24,test_case_4,True,0.0,0.53125,,1.0
Solution_24,test_case_5,True,0.0,0.53125,,1.0
Solution_24,test_case_6,True,0.0,0.53125,,1.0
Solution_24,test_case_7,True,0.0,0.53125,,1.0
Solution_24,test_case_8,True,0.0,0.53125,,1.0
Solution_24,test_case_9,True,0.0,0.53125,,1.0
Solution_24,test_case_10,True,0.0,0.53125,,1.0
Solution_24,test_case_11,True,0.0,0.53125,,1.0
Solution_24,test_case_12,True,0.0,0.53125,,1.0
Solution_24,test_case_13,True,0.0,0.53125,,1.0
Solution_24,test_case_14,True,0.0,0.53125,,1.0
Solution_24,test_case_15,True,0.0,0.53125,,1.0
Solution_24,test_case_16,False,0.0,0.66796875,Time or Memory Limit Exceeded,2.1887445814549233e-05
Solution_24,test_case_17,True,0.0,0.5859375,,1.0
Solution_24,test_case_18,True,0.0,0.66796875,,1.0
Solution_24,test_case_19,True,0.0,0.66796875,,1.0
Solution_24,test_case_20,True,0.0,0.66796875,,1.0
Solution_25,test_case_1,False,0.0,0.5859375,Time or Memory Limit Exceeded,2.4306306219876303e-05
Solution_25,test_case_2,False,0.0,0.5859375,Time or Memory Limit Exceeded,2.4306306219876303e-05
Solution_25,test_case_3,False,0.0,0.5859375,Time or Memory Limit Exceeded,2.4306306219876303e-05
Solution_25,test_case_4,False,0.0,0.5859375,Time or Memory Limit Exceeded,2.4306306219876303e-05
Solution_25,test_case_5,False,0.0,0.5859375,Time or Memory Limit Exceeded,2.4306306219876303e-05
Solution_25,test_case_6,False,0.0,0.640625,Time or Memory Limit Exceeded,2.263168521184266e-05
Solution_25,test_case_7,False,0.0,0.5859375,Time or Memory Limit Exceeded,2.4306306219876303e-05
Solution_25,test_case_8,False,0.0,0.5859375,Time or Memory Limit Exceeded,2.4306306219876303e-05
Solution_25,test_case_9,False,0.0,0.5859375,Time or Memory Limit Exceeded,2.4306306219876303e-05
Solution_25,test_case_10,False,0.0009813308715820312,0.640625,Time or Memory Limit Exceeded,2.263168521184266e-05
Solution_25,test_case_11,False,0.0,0.61328125,Time or Memory Limit Exceeded,2.3435393512649747e-05
Solution_25,test_case_12,False,0.0,0.5859375,Time or Memory Limit Exceeded,2.4306306219876303e-05
Solution_25,test_case_13,False,0.0,0.61328125,Time or Memory Limit Exceeded,2.3435393512649747e-05
Solution_25,test_case_14,False,0.0,0.5859375,Time or Memory Limit Exceeded,2.4306306219876303e-05
Solution_25,test_case_15,False,0.0,0.5859375,Time or Memory Limit Exceeded,2.4306306219876303e-05
Solution_25,test_case_16,False,0.2282555103302002,0.703125,Time or Memory Limit Exceeded,2.1007480455557515e-05
Solution_25,test_case_17,False,0.37308406829833984,0.67578125,Time or Memory Limit Exceeded,2.1684783460980432e-05
Solution_25,test_case_18,False,0.3796415328979492,0.71484375,Time or Memory Limit Exceeded,2.0731517874153752e-05
Solution_25,test_case_19,False,0.4469118118286133,0.6875,Time or Memory Limit Exceeded,2.138857436233648e-05
Solution_25,test_case_20,False,0.29825663566589355,0.67578125,Time or Memory Limit Exceeded,2.1684783460980432e-05
Solution_27,test_case_1,False,0.0,0.609375,Time or Memory Limit Exceeded,2.3555498175259807e-05
Solution_27,test_case_2,False,0.0,0.609375,Time or Memory Limit Exceeded,2.3555498175259807e-05
Solution_27,test_case_3,False,0.0,0.609375,Time or Memory Limit Exceeded,2.3555498175259807e-05
Solution_27,test_case_4,True,0.0,0.609375,,0.5632002365950842
Solution_27,test_case_5,True,0.0,0.609375,,0.5632002365950842
Solution_27,test_case_6,False,0.0,0.609375,Time or Memory Limit Exceeded,2.3555498175259807e-05
Solution_27,test_case_7,False,0.0,0.609375,Time or Memory Limit Exceeded,2.3555498175259807e-05
Solution_27,test_case_8,False,0.0,0.609375,Time or Memory Limit Exceeded,2.3555498175259807e-05
Solution_27,test_case_9,False,0.0,0.609375,Time or Memory Limit Exceeded,2.3555498175259807e-05
Solution_27,test_case_10,True,0.0,0.609375,,0.5632002365950842
Solution_27,test_case_11,False,0.008987188339233398,0.66796875,Time or Memory Limit Exceeded,2.1887445814549233e-05
Solution_27,test_case_12,False,0.0,0.609375,Time or Memory Limit Exceeded,2.3555498175259807e-05
Solution_27,test_case_13,False,0.034418582916259766,0.66796875,Time or Memory Limit Exceeded,2.1887445814549233e-05
Solution_27,test_case_14,False,0.005109071731567383,0.66796875,Time or Memory Limit Exceeded,2.1887445814549233e-05
Solution_27,test_case_15,False,0.05249834060668945,0.66796875,Time or Memory Limit Exceeded,2.1887445814549233e-05
Solution_27,test_case_16,False,0.09138250350952148,0.66796875,Time or Memory Limit Exceeded,2.1887445814549233e-05
Solution_27,test_case_17,True,0.06532096862792969,0.66796875,,0.6723629023268153
Solution_27,test_case_18,False,0.11354947090148926,0.66796875,Time or Memory Limit Exceeded,2.1887445814549233e-05
Solution_27,test_case_19,True,0.04099845886230469,0.66796875,,0.6723629023268153
Solution_27,test_case_20,False,0.05553412437438965,0.66796875,Time or Memory Limit Exceeded,2.1887445814549233e-05
Solution_28,test_case_1,True,0.0,0.59375,,1.0
Solution_28,test_case_2,True,0.0,0.59375,,1.0
Solution_28,test_case_3,True,0.0,0.59375,,1.0
Solution_28,test_case_4,True,0.0,0.59375,,1.0
Solution_28,test_case_5,True,0.0,0.59375,,1.0
Solution_28,test_case_6,True,0.0,0.59375,,1.0
Solution_28,test_case_7,True,0.0,0.59375,,1.0
Solution_28,test_case_8,True,0.0,0.59375,,1.0
Solution_28,test_case_9,True,0.0,0.59375,,1.0
Solution_28,test_case_10,True,0.0,0.59375,,1.0
Solution_28,test_case_11,True,0.00099945068359375,0.59375,,1.0
Solution_28,test_case_12,True,0.0,0.59375,,1.0
Solution_28,test_case_13,True,0.0,0.59375,,1.0
Solution_28,test_case_14,True,0.0,0.59375,,1.0
Solution_28,test_case_15,True,0.0,0.59375,,1.0
Solution_28,test_case_16,True,0.03493380546569824,0.671875,,1.0
Solution_28,test_case_17,True,0.039983272552490234,0.671875,,1.0
Solution_28,test_case_18,True,0.027013063430786133,0.6484375,,1.0
Solution_28,test_case_19,True,0.019069910049438477,0.6484375,,1.0
Solution_28,test_case_20,True,0.04100680351257324,0.671875,,1.0
Solution_29,test_case_1,True,0.0,0.671875,,1.0
Solution_29,test_case_2,True,0.0,0.671875,,1.0
Solution_29,test_case_3,True,0.0,0.671875,,1.0
Solution_29,test_case_4,True,0.0,0.9609375,,1.0
Solution_29,test_case_5,True,0.0,0.671875,,1.0
Solution_29,test_case_6,True,0.0,0.671875,,1.0
Solution_29,test_case_7,True,0.0,0.671875,,1.0
Solution_29,test_case_8,True,0.0,0.671875,,1.0
Solution_29,test_case_9,True,0.0010001659393310547,0.9609375,,0.9999004496166802
Solution_29,test_case_10,True,0.0,0.9609375,,1.0
Solution_29,test_case_11,True,0.0,3.8671875,,1.0
Solution_29,test_case_12,True,0.0,2.2734375,,1.0
Solution_29,test_case_13,True,0.0,3.8671875,,1.0
Solution_29,test_case_14,True,0.0,2.2734375,,1.0
Solution_29,test_case_15,True,0.0,2.2734375,,1.0
Solution_29,test_case_16,True,0.10680103302001953,0.734375,,1.0
Solution_29,test_case_17,True,0.0923161506652832,1.16015625,,1.0
Solution_29,test_case_18,True,0.0757761001586914,2.50390625,,1.0
Solution_29,test_case_19,True,0.08791708946228027,0.84375,,1.0
Solution_29,test_case_20,True,0.0692746639251709,1.5703125,,1.0
Solution_30,test_case_1,True,0.0,5.5,,0.142904971797642
Solution_30,test_case_2,True,0.0,5.1904296875,,0.14968381391894858
Solution_30,test_case_3,True,0.0,5.1904296875,,0.14968381391894858
Solution_30,test_case_4,True,0.0,5.1904296875,,0.14968381391894858
Solution_30,test_case_5,True,0.0,5.4990234375,,0.14292527404365898
Solution_30,test_case_6,True,0.0009808540344238281,5.2109375,,0.14012019395693642
Solution_30,test_case_7,True,0.0,5.2099609375,,0.14014120502613542
Solution_30,test_case_8,True,0.0,5.212890625,,0.14007819307431146
Solution_30,test_case_9,True,0.0,5.2109375,,0.14012019395693642
Solution_30,test_case_10,True,0.0009632110595703125,5.212890625,,0.14007819307431146
Solution_30,test_case_11,True,0.00500178337097168,5.3740234375,,0.22880961837836708
Solution_30,test_case_12,True,0.25310659408569336,5.2646484375,,0.23260466558200696
Solution_30,test_case_13,True,0.21895384788513184,5.5556640625,,0.22280510636341358
Solution_30,test_case_14,True,0.046489715576171875,15.220703125,,0.09948695749435872
Solution_30,test_case_15,True,0.47379446029663086,5.4052734375,,0.22775073480982116
Solution_30,test_case_16,True,0.21478891372680664,5.263671875,,0.20837845944071653
Solution_30,test_case_17,True,0.4271054267883301,5.373046875,,0.2049780542283016
Solution_30,test_case_18,True,0.25569748878479004,6.8076171875,,0.16962418300425233
Solution_30,test_case_19,True,0.26634883880615234,5.359375,,0.2053962701817528
Solution_30,test_case_20,True,0.3628365993499756,5.376953125,,0.20485891557240207
Solution_31,test_case_1,True,0.0,0.6796875,,0.8733863864312172
Solution_31,test_case_2,True,0.0,0.6484375,,0.9068998841860022
Solution_31,test_case_3,True,0.0,0.6484375,,0.9068998841860022
Solution_31,test_case_4,True,0.0,0.6484375,,0.9068998841860022
Solution_31,test_case_5,True,0.0,0.6484375,,0.9068998841860022
Solution_31,test_case_6,True,0.0,0.6484375,,0.9461970252518723
Solution_31,test_case_7,True,0.0,0.6796875,,0.9112313444371429
Solution_31,test_case_8,True,0.0,0.6796875,,0.9112313444371429
Solution_31,test_case_9,True,0.0,0.6796875,,0.9112313444371429
Solution_31,test_case_10,True,0.0,0.6796875,,0.9112313444371429
Solution_31,test_case_11,True,0.0,1.3359375,,0.9739779575498122
Solution_31,test_case_12,True,0.0,1.0546875,,1.0
Solution_31,test_case_13,True,0.0,1.0234375,,1.0
Solution_31,test_case_14,True,0.0,1.0234375,,1.0
Solution_31,test_case_15,True,0.0,0.6796875,,1.0
Solution_31,test_case_16,True,0.2857015132904053,782.8828125,,1.0
Solution_31,test_case_17,True,0.25745606422424316,782.9375,,1.0
Solution_31,test_case_20,True,0.26711487770080566,782.8828125,,1.0
Solution_32,test_case_1,True,0.0,5.7607421875,,0.2916742314089517
Solution_32,test_case_2,True,0.0,5.9248046875,,0.28519478713948415
Solution_32,test_case_3,True,0.0009829998016357422,5.3310546875,,0.3103346748391226
Solution_32,test_case_4,True,0.0,5.3818359375,,0.3079898825924713
Solution_32,test_case_5,True,0.0,5.3310546875,,0.3103346748391226
Solution_32,test_case_6,True,0.0,5.8232421875,,0.289167134643824
Solution_32,test_case_7,True,0.0,6.0498046875,,0.2804708498795073
Solution_32,test_case_8,True,0.0,5.3818359375,,0.3079898825924713
Solution_32,test_case_9,True,0.0,5.3310546875,,0.3103346748391226
Solution_32,test_case_10,True,0.0,5.3828125,,0.3079451807825115
Solution_32,test_case_11,True,0.0,5.3818359375,,0.31071493274661316
Solution_32,test_case_12,True,0.0,5.9248046875,,0.28771814956981195
Solution_32,test_case_13,True,0.0009953975677490234,5.3828125,,0.31066983542147253
Solution_32,test_case_14,True,0.0,5.66796875,,0.2981017540516429
Solution_32,test_case_15,True,0.0,5.3818359375,,0.31071493274661316
Solution_32,test_case_16,True,0.0009982585906982422,6.4765625,,0.3836483931843907
Solution_32,test_case_17,True,0.01194453239440918,5.6162109375,,0.42998598815169736
Solution_32,test_case_18,True,0.0029985904693603516,5.6162109375,,0.42998598815169736
Solution_32,test_case_19,True,0.008230924606323242,15.7734375,,0.18822094644955514
Solution_32,test_case_20,True,0.0029816627502441406,8.8271484375,,0.29946956277462167
Solution_33,test_case_1,True,0.0,0.6875,,0.7997672807148843
Solution_33,test_case_2,True,0.0005125999450683594,0.6875,,0.7997672807148843
Solution_33,test_case_3,True,0.0,0.6484375,,0.8380835117872638
Solution_33,test_case_4,True,0.0,0.66796875,,0.8184212151942695
Solution_33,test_case_5,True,0.0,0.6640625,,0.8222703489357371
Solution_33,test_case_6,True,0.0,0.66796875,,0.8184212151942695
Solution_33,test_case_7,True,0.0,0.66796875,,0.8184212151942695
Solution_33,test_case_8,True,0.0,0.66796875,,0.8184212151942695
Solution_33,test_case_9,True,0.0,0.66015625,,0.8261604551904049
Solution_33,test_case_10,True,0.0,0.66015625,,0.8261604551904049
Solution_33,test_case_11,True,0.0,0.66796875,,0.8184212151942695
Solution_33,test_case_12,True,0.0,0.6875,,0.7997672807148843
Solution_33,test_case_13,True,0.0,0.6875,,0.7997672807148843
Solution_33,test_case_14,True,0.0,0.6875,,0.7997672807148843
Solution_33,test_case_15,True,0.0,0.6875,,0.7997672807148843
Solution_33,test_case_16,True,0.0,0.6875,,0.8045702632013906
Solution_33,test_case_17,True,0.0,0.6640625,,0.8272084730380154
Solution_33,test_case_18,True,0.0,0.66796875,,0.8233362234197241
Solution_33,test_case_19,True,0.0,0.6875,,0.8045702632013906
Solution_33,test_case_20,True,0.0,0.6875,,0.8045702632013906
Solution_34,test_case_1,False,0.0,2.67578125,Time or Memory Limit Exceeded,7.2117309341387e-06
Solution_34,test_case_2,False,0.0,2.67578125,Time or Memory Limit Exceeded,7.2117309341387e-06
Solution_34,test_case_3,False,0.0,1.703125,Time or Memory Limit Exceeded,1.0351487948279843e-05
Solution_34,test_case_4,False,0.0010035037994384766,2.17578125,Time or Memory Limit Exceeded,8.509573937512343e-06
Solution_34,test_case_5,False,0.0,2.17578125,Time or Memory Limit Exceeded,8.509573937512343e-06
Solution_34,test_case_6,False,0.0,2.67578125,Time or Memory Limit Exceeded,7.2117309341387e-06
Solution_34,test_case_7,False,0.000986337661743164,2.67578125,Time or Memory Limit Exceeded,7.2117309341387e-06
Solution_34,test_case_8,False,0.0,2.7578125,Time or Memory Limit Exceeded,7.039603708518515e-06
Solution_34,test_case_9,False,0.0009870529174804688,2.73046875,Time or Memory Limit Exceeded,7.095944852814224e-06
Solution_34,test_case_10,False,0.0,2.89453125,Time or Memory Limit Exceeded,6.772318986785252e-06
Solution_34,test_case_11,False,0.0,2.67578125,Time or Memory Limit Exceeded,7.2117309341387e-06
Solution_34,test_case_12,False,0.0,2.67578125,Time or Memory Limit Exceeded,7.2117309341387e-06
Solution_34,test_case_13,False,0.0005671977996826172,3.03125,Time or Memory Limit Exceeded,6.526834421096955e-06
Solution_34,test_case_14,False,0.0,3.03125,Time or Memory Limit Exceeded,6.526834421096955e-06
Solution_34,test_case_15,False,0.0,2.9765625,Time or Memory Limit Exceeded,6.622591924004848e-06
Solution_34,test_case_16,False,0.0,2.95703125,Time or Memory Limit Exceeded,6.657562752030602e-06
Solution_34,test_case_17,False,0.0,2.921875,Time or Memory Limit Exceeded,6.72156950661624e-06
Solution_34,test_case_18,False,0.0,2.91015625,Time or Memory Limit Exceeded,6.743214179425178e-06
Solution_34,test_case_19,False,0.0,2.94921875,Time or Memory Limit Exceeded,6.671667760825808e-06
Solution_34,test_case_20,False,0.0,2.703125,Time or Memory Limit Exceeded,7.153310830040225e-06
Solution_35,test_case_1,False,0.0,1.421875,Time or Memory Limit Exceeded,1.1959440578637423e-05
Solution_35,test_case_2,False,0.0,1.421875,Time or Memory Limit Exceeded,1.1959440578637423e-05
Solution_35,test_case_3,False,0.0,1.421875,Time or Memory Limit Exceeded,1.1959440578637423e-05
Solution_35,test_case_4,False,0.0,1.421875,Time or Memory Limit Exceeded,1.1959440578637423e-05
Solution_35,test_case_5,False,0.0,1.359375,Time or Memory Limit Exceeded,1.2397341858198276e-05
Solution_35,test_case_6,False,0.0,1.421875,Time or Memory Limit Exceeded,1.1959440578637423e-05
Solution_35,test_case_7,False,0.0,1.421875,Time or Memory Limit Exceeded,1.1959440578637423e-05
Solution_35,test_case_8,False,0.0,1.421875,Time or Memory Limit Exceeded,1.1959440578637423e-05
Solution_35,test_case_9,False,0.0,1.421875,Time or Memory Limit Exceeded,1.1959440578637423e-05
Solution_35,test_case_10,False,0.0,1.421875,Time or Memory Limit Exceeded,1.1959440578637423e-05
Solution_35,test_case_11,False,0.0,1.421875,Time or Memory Limit Exceeded,1.1959440578637423e-05
Solution_35,test_case_12,False,0.0,1.421875,Time or Memory Limit Exceeded,1.1959440578637423e-05
Solution_35,test_case_13,False,0.0009999275207519531,1.421875,Time or Memory Limit Exceeded,1.1959440578637423e-05
Solution_35,test_case_14,False,0.0,1.421875,Time or Memory Limit Exceeded,1.1959440578637423e-05
Solution_35,test_case_15,False,0.0005049705505371094,1.421875,Time or Memory Limit Exceeded,1.1959440578637423e-05
Solution_35,test_case_16,False,0.0020542144775390625,1.48046875,Time or Memory Limit Exceeded,1.1579254630572578e-05
Solution_35,test_case_17,False,0.0030019283294677734,1.48046875,Time or Memory Limit Exceeded,1.1579254630572578e-05
Solution_35,test_case_18,False,0.0020017623901367188,1.48046875,Time or Memory Limit Exceeded,1.1579254630572578e-05
Solution_35,test_case_19,False,0.001996278762817383,1.48046875,Time or Memory Limit Exceeded,1.1579254630572578e-05
Solution_35,test_case_20,False,0.0,1.421875,Time or Memory Limit Exceeded,1.1959440578637423e-05
Solution_37,test_case_1,True,0.0,1.75,,0.9571104045788613
Solution_37,test_case_2,True,0.0,2.203125,,0.7960881610652595
Solution_37,test_case_3,True,0.0,2.203125,,0.7960881610652595
Solution_37,test_case_4,True,0.0,2.203125,,0.7960881610652595
Solution_37,test_case_5,False,0.0,2.65625,Time or Memory Limit Exceeded,7.254121779575939e-06
Solution_37,test_case_6,False,0.0,3.13671875,Time or Memory Limit Exceeded,6.350669853105515e-06
Solution_37,test_case_7,True,0.0,2.65625,,0.8366494176247443
Solution_37,test_case_8,False,0.0,3.109375,Time or Memory Limit Exceeded,6.395308780246307e-06
Solution_37,test_case_9,True,0.0,2.65625,,0.8366494176247443
Solution_37,test_case_10,False,0.0,3.5625,Time or Memory Limit Exceeded,5.735827760943938e-06
Solution_37,test_case_11,True,0.043999671936035156,8.11328125,,1.0
Solution_37,test_case_12,True,0.037224769592285156,8.140625,,1.0
Solution_37,test_case_13,True,0.03105783462524414,7.66015625,,1.0
Solution_37,test_case_14,True,0.03258824348449707,7.66015625,,1.0
Solution_37,test_case_15,True,0.0266571044921875,7.66015625,,1.0
Solution_37,test_case_16,True,0.15133452415466309,8.6484375,,1.0
Solution_37,test_case_17,True,0.15709137916564941,8.59375,,1.0
Solution_37,test_case_18,True,0.1502685546875,8.62109375,,1.0
Solution_37,test_case_19,True,0.1848583221435547,8.59375,,1.0
Solution_37,test_case_20,True,0.1345679759979248,8.62109375,,1.0
Solution_38,test_case_1,True,0.0,1.7734375,,0.8396645807387548
Solution_38,test_case_2,True,0.0,2.2734375,,0.6883544565210956
Solution_38,test_case_3,True,0.0,2.2734375,,0.6883544565210956
Solution_38,test_case_4,False,0.0,2.7109375,Time or Memory Limit Exceeded,7.136814288984287e-06
Solution_38,test_case_5,False,0.0,2.7109375,Time or Memory Limit Exceeded,7.136814288984287e-06
Solution_38,test_case_6,False,0.0,3.5859375,Time or Memory Limit Exceeded,5.705816851116895e-06
Solution_38,test_case_7,True,0.0,2.7109375,,0.8808937298632267
Solution_38,test_case_8,False,0.0,3.5859375,Time or Memory Limit Exceeded,5.705816851116895e-06
Solution_38,test_case_9,True,0.0,3.1484375,,0.7815253356663372
Solution_38,test_case_10,False,0.0,3.5859375,Time or Memory Limit Exceeded,5.705816851116895e-06
Solution_38,test_case_11,True,0.0,5.8154296875,,1.0
Solution_38,test_case_12,True,0.0009987354278564453,5.8154296875,,1.0
Solution_38,test_case_13,True,0.0009961128234863281,5.8154296875,,1.0
Solution_38,test_case_14,True,0.001001596450805664,5.8154296875,,1.0
Solution_38,test_case_15,True,0.0,5.3359375,,1.0
Solution_38,test_case_16,True,0.0009920597076416016,5.828125,,1.0
Solution_38,test_case_17,True,0.0009975433349609375,5.828125,,1.0
Solution_38,test_case_18,True,0.0009868144989013672,5.828125,,1.0
Solution_38,test_case_19,True,0.0,5.828125,,1.0
Solution_38,test_case_20,True,0.0,5.828125,,1.0
Solution_39,test_case_1,True,0.0,1.5390625,,1.0
Solution_39,test_case_2,True,0.0,1.8984375,,1.0
Solution_39,test_case_3,True,0.0,1.8359375,,1.0
Solution_39,test_case_4,True,0.0,1.8359375,,1.0
Solution_39,test_case_5,True,0.0,1.8984375,,1.0
Solution_39,test_case_6,True,0.0,2.546875,,1.0
Solution_39,test_case_7,True,0.0,2.25,,1.0
Solution_39,test_case_8,True,0.0,2.0703125,,1.0
Solution_39,test_case_9,True,0.0,2.0703125,,1.0
Solution_39,test_case_10,True,0.0,2.421875,,1.0
Solution_39,test_case_11,True,0.0019996166229248047,100.03125,,1.0
Solution_39,test_case_12,True,0.0010020732879638672,92.90625,,1.0
Solution_39,test_case_13,True,0.0019135475158691406,85.40625,,1.0
Solution_39,test_case_14,True,0.0009984970092773438,79.1875,,1.0
Solution_39,test_case_15,True,0.0010066032409667969,71.58203125,,1.0
Solution_39,test_case_16,True,0.002907991409301758,141.59375,,1.0
Solution_39,test_case_17,True,0.0039975643157958984,138.109375,,1.0
Solution_39,test_case_18,True,0.001999378204345703,135.078125,,1.0
Solution_39,test_case_19,True,0.002124786376953125,133.125,,1.0
Solution_39,test_case_20,True,0.003989696502685547,129.890625,,1.0
Solution_40,test_case_1,True,0.0,1.203125,,1.0
Solution_40,test_case_2,False,0.0,1.2890625,Time or Memory Limit Exceeded,1.2935428517391043e-05
Solution_40,test_case_3,False,0.0,1.4375,Time or Memory Limit Exceeded,1.1855331910551158e-05
Solution_41,test_case_1,False,0.0,2.546875,Time or Memory Limit Exceeded,7.502290827985176e-06
Solution_41,test_case_2,False,0.0,4.3359375,Time or Memory Limit Exceeded,4.901551716056952e-06
Solution_41,test_case_3,False,0.0,4.8984375,Time or Memory Limit Exceeded,4.445841168065376e-06
Solution_41,test_case_4,False,0.0,4.8984375,Time or Memory Limit Exceeded,4.445841168065376e-06
Solution_41,test_case_5,False,0.0,5.15625,Time or Memory Limit Exceeded,4.267100064483693e-06
Solution_41,test_case_6,False,0.0010001659393310547,6.3203125,Time or Memory Limit Exceeded,3.6258443636324526e-06
Solution_41,test_case_7,False,0.0,7.140625,Time or Memory Limit Exceeded,3.2885997476566523e-06
Solution_41,test_case_8,False,0.0010006427764892578,7.6015625,Time or Memory Limit Exceeded,3.1280789338759285e-06
Solution_41,test_case_9,False,0.000997781753540039,9.90625,Time or Memory Limit Exceeded,2.5308859384179784e-06
Solution_41,test_case_10,False,0.0020024776458740234,11.0625,Time or Memory Limit Exceeded,2.3169537945579663e-06
Solution_41,test_case_11,False,0.0009984970092773438,8.171875,Time or Memory Limit Exceeded,2.9521786022600306e-06
Solution_41,test_case_12,False,0.0027475357055664062,10.5234375,Time or Memory Limit Exceeded,2.411425777760671e-06
Solution_41,test_case_13,False,0.0040035247802734375,11.76171875,Time or Memory Limit Exceeded,2.206090720438293e-06
Solution_41,test_case_14,False,0.0049974918365478516,13.0,Time or Memory Limit Exceeded,2.0363166774656688e-06
Solution_41,test_case_15,False,0.007010459899902344,14.11328125,Time or Memory Limit Exceeded,1.9067668942539111e-06
Solution_41,test_case_16,False,0.008996248245239258,19.16015625,Time or Memory Limit Exceeded,1.4930720405106808e-06
Solution_41,test_case_17,False,0.01438283920288086,20.2109375,Time or Memory Limit Exceeded,1.430641545638655e-06
Solution_41,test_case_18,False,0.015996456146240234,20.69140625,Time or Memory Limit Exceeded,1.40400286463644e-06
Solution_41,test_case_19,False,0.013042449951171875,20.7890625,Time or Memory Limit Exceeded,1.3987241587554352e-06
Solution_41,test_case_20,False,0.011998653411865234,20.88671875,Time or Memory Limit Exceeded,1.3934898989420193e-06
Solution_42,test_case_1,True,0.0,2.25,,0.7183262494607445
Solution_42,test_case_2,True,0.0,2.875,,0.5904151218543299
Solution_42,test_case_4,True,0.0,3.5,,0.5044444125429454
Solution_43,test_case_1,False,0.0009987354278564453,1.8359375,Time or Memory Limit Exceeded,9.74795882112572e-06
Solution_43,test_case_2,False,0.0,1.8359375,Time or Memory Limit Exceeded,9.74795882112572e-06
Solution_43,test_case_3,False,0.0,1.8671875,Time or Memory Limit Exceeded,9.617222303880766e-06
Solution_43,test_case_4,False,0.0,1.8359375,Time or Memory Limit Exceeded,9.74795882112572e-06
Solution_43,test_case_5,False,0.0,1.8359375,Time or Memory Limit Exceeded,9.74795882112572e-06
Solution_43,test_case_6,False,0.0010001659393310547,1.89453125,Time or Memory Limit Exceeded,9.505070557277317e-06
Solution_43,test_case_7,False,0.0,1.89453125,Time or Memory Limit Exceeded,9.506016884902053e-06
Solution_43,test_case_8,False,0.0,1.8359375,Time or Memory Limit Exceeded,9.74795882112572e-06
Solution_43,test_case_9,False,0.0,1.8671875,Time or Memory Limit Exceeded,9.617222303880766e-06
Solution_43,test_case_10,False,0.0,1.921875,Time or Memory Limit Exceeded,9.39766349467712e-06
Solution_43,test_case_11,False,0.0009987354278564453,1.86328125,Time or Memory Limit Exceeded,9.633348438561682e-06
Solution_43,test_case_12,False,0.0,2.66015625,Time or Memory Limit Exceeded,7.245598798522336e-06
Solution_43,test_case_13,False,0.0009999275207519531,1.921875,Time or Memory Limit Exceeded,9.39766349467712e-06
Solution_43,test_case_14,False,0.0010027885437011719,2.796875,Time or Memory Limit Exceeded,6.960838446959486e-06
Solution_43,test_case_15,False,0.003996133804321289,3.09765625,Time or Memory Limit Exceeded,6.414656754086899e-06
Solution_43,test_case_16,False,1.2728679180145264,22.48828125,Time or Memory Limit Exceeded,1.3135148548395645e-06
Solution_43,test_case_17,False,1.5186676979064941,25.16796875,Time or Memory Limit Exceeded,1.200387507840132e-06
Solution_43,test_case_18,False,1.8780786991119385,26.453125,Time or Memory Limit Exceeded,1.1535021615945976e-06
Solution_43,test_case_19,False,1.4855244159698486,28.50390625,Time or Memory Limit Exceeded,1.0866170000211923e-06
Solution_43,test_case_20,False,1.97995924949646,29.05078125,Time or Memory Limit Exceeded,1.0702216864515796e-06
Solution_44,test_case_1,False,0.0,0.703125,Time or Memory Limit Exceeded,2.1007480455557515e-05
Solution_44,test_case_2,False,0.0,0.671875,Time or Memory Limit Exceeded,2.1785584415654564e-05
Solution_44,test_case_3,False,0.0,0.65625,Time or Memory Limit Exceeded,2.2199569208199545e-05
Solution_44,test_case_4,False,0.0,0.6640625,Time or Memory Limit Exceeded,2.1990385113574285e-05
Solution_44,test_case_5,False,0.0,0.671875,Time or Memory Limit Exceeded,2.1785584415654564e-05
Solution_44,test_case_6,False,0.0,0.6796875,Time or Memory Limit Exceeded,2.1585025876058255e-05
Solution_44,test_case_7,False,0.0,0.7109375,Time or Memory Limit Exceeded,2.0822595464878667e-05
Solution_44,test_case_9,False,0.0,0.703125,Time or Memory Limit Exceeded,2.1007480455557515e-05
Solution_44,test_case_10,False,0.0,0.6796875,Time or Memory Limit Exceeded,2.1585025876058255e-05
Solution_44,test_case_11,False,0.0,1.0234375,Time or Memory Limit Exceeded,1.555789869259324e-05
Solution_44,test_case_13,False,0.0,1.1796875,Time or Memory Limit Exceeded,1.3886295982487999e-05
Solution_44,test_case_14,False,0.0,6.890625,Time or Memory Limit Exceeded,3.3837097876752398e-06
Solution_44,test_case_16,False,0.003010272979736328,12.37890625,Time or Memory Limit Exceeded,2.117649991817293e-06
Solution_44,test_case_18,False,0.0015060901641845703,2.61328125,Time or Memory Limit Exceeded,7.349386343610161e-06
Solution_44,test_case_19,False,0.001999378204345703,8.47265625,Time or Memory Limit Exceeded,2.8680342320145368e-06
Solution_44,test_case_20,False,0.004091501235961914,16.28515625,Time or Memory Limit Exceeded,1.70046013973836e-06
